Model,Model Size,Prompt,Generated Text,Speed (s),Token Length
distilgpt2,81912576,Naruto vs sasuke? Who gonna win?,"Naruto vs sasuke? Who gonna win?

The battle to win the anime is still on. It's still a long way to go.
And that's why I'm happy to see the end of the battle for the anime.
The end of that battle is now!",0.5536,60
gpt2,124439808,Naruto vs sasuke? Who gonna win?,"Naruto vs sasuke? Who gonna win? But that's the question.

Katsuru, Naruto and Sasuke are still fighting, so they can't be the same. They'd either have to wait until they've beaten each other before they can actually make it to the Hokage's office or they'd have to beat Naruto and Sasuke.

And if they beat Sasuke and Naruto and Sasuke are the same then they'll probably be the same, I think.

And if they beat Sasuke and Naruto and Sasuke are the same then they'll probably be the same.

And if they beat Sasuke and Naruto and Sasuke are the same then they'll probably be the same.

And if they beat Sasuke and Naruto and Sasuke are the same then they'll probably be the same.

And if they beat Sasuke and Naruto and Sasuke are the same then they'll probably be the same.

And if they beat Sasuke and Naruto and Sasuke are the same then they'll probably be the same.

And if they beat Sasuke and Naruto and Sasuke are the same then they'll probably be the same.

And if they beat Sasuke and Naruto and Sasuke are the same then they'll probably be the same.

And if they beat Sasuke and Naruto and Sasuke are the same then they",4.001,267
gpt2-medium,354823168,Naruto vs sasuke? Who gonna win?,"Naruto vs sasuke? Who gonna win?

As Naruto approaches to the village, Sasuke and his team of ninjas are there to fight him. Naruto is shown to want to fight Sasuke; however, he is too distracted by Sakura and Sakura's parents, who are also present when he fights Sasuke. Sasuke counters by saying he doesn't think Naruto has any skill, as Naruto is only shown to be stronger than him.

Sasuke's final attack, the ""Fool's Punch"", is used on Naruto, who is in the air. Sasuke's full fury overwhelms Naruto's chakra, and he falls to the ground where he is knocked back. As he awakes, Sasuke exclaims that Naruto is too strong, and that he doesn't want to be in his presence anymore. Sakura and her parents then arrive and ask what is the matter with him, but Sasuke states that he has to be careful around them. Sasuke proceeds to beat Naruto with a kunai, but Naruto uses the Kage Bunshin to dodge the kunai. As he charges in again, Sasuke tells Naruto to stop and then tells him to get away from them.

Sasuke then turns to his allies and summons the Kage Bunshin, a kunai, and a k",10.8713,267
